375758388,Lynett,Clerk,18,433 Sunbrook Parkway,6169115241
256602240,Gaven,Teacher,24,62 Glendale Trail,7514021912
955780438,Lorilee,Nurse,50,76705 Farmco Park,9155925204
112675424,Bartholemy,Clerk,15,94 Scott Pass,5272739630
398126756,Ingrim,Teacher,35,69106 Dottie Lane,2028303794
751389820,Katy,Post officer,38,92243 Valley Edge Parkway,5571370227
858395657,Roch,Nurse,13,27479 Sloan Circle,4423210996
369912244,Theodoric,Teacher,26,001 Farragut Park,8779154128
124874293,Uriah,Clerk,18,061 Mendota Park,5276254550
46182610,Marleen,Female,49,699 Forster Drive,4201068511
259025131,Toddie,Nurse,49,88845 Hazelcrest Circle,2802308694
647041464,Ade,Post officer,17,408 Mayer Way,2618440518
374325966,Brucie,Clerk,24,9059 Debs Court,2429802704
878342206,Deeyn,Nurse,12,6785 Cody Street,8881338971
346287631,Malvin,Teacher,20,2668 Fairfield Park,7793644656
