Meetz,http://dummyimage.com/232x111.jpg/ff4444/ffffff,Jerrie Boundey,Regional,1 Roxbury Park,3455805863,4317501,7788313524
Realfire,http://dummyimage.com/177x142.bmp/5fa2dd/ffffff,Oswald Pickthorne,Regional,30588 Union Lane,6622141067,9541394,7999711315
Feedspan,http://dummyimage.com/102x192.png/ff4444/ffffff,Joy Chetwind,National,2349 Westport Crossing,9801108319,4567967,1168029070
Browsetype,http://dummyimage.com/129x215.png/dddddd/000000,Broddie Farman,National,5315 Main Avenue,1945953016,8188290,6538597936
Meejo,http://dummyimage.com/212x100.bmp/cc0000/ffffff,Frannie Himpson,Regional,82 Erie Lane,8644819730,2375964,2607424167
Trilith,http://dummyimage.com/167x205.png/dddddd/000000,Abbott Potten,National,11 Katie Street,3239923148,3935127,7123135854
Skiba,http://dummyimage.com/140x109.bmp/ff4444/ffffff,Tabor Steketee,Regional,915 Lukken Court,1375394299,9169763,8500172444
Eare,http://dummyimage.com/181x188.bmp/ff4444/ffffff,Consuela De Dantesie,Regional,183 Lakewood Lane,1799175835,2070313,8375536193
Tambee,http://dummyimage.com/163x191.bmp/5fa2dd/ffffff,Daveen Clurow,National,4 Steensland Center,9643289203,7327043,1458156577
Tagfeed,http://dummyimage.com/195x100.png/dddddd/000000,Ania Strivens,National,6 Quincy Pass,9038778671,6270828,5302321316
Lazz,http://dummyimage.com/250x228.bmp/dddddd/000000,Paula Stidston,Regional,71166 Lukken Trail,5755262119,8598267,3702111729
Thoughtmix,http://dummyimage.com/109x228.bmp/ff4444/ffffff,Rriocard Twinborne,National,06 Moulton Way,7854914474,5653028,3121285435
Bluejam,http://dummyimage.com/108x101.bmp/dddddd/000000,Ramon Caseri,Regional,41 American Ash Alley,9535941404,4468435,1560748238
Lajo,http://dummyimage.com/100x184.bmp/cc0000/ffffff,Silvester Winfindale,National,24480 Michigan Plaza,9952559971,8462492,4416748160
Jaxbean,http://dummyimage.com/112x124.jpg/5fa2dd/ffffff,Kliment Medland,Regional,18438 Welch Point,4346327079,9076402,5263055633
